{"model_CIFAR_CNN_Large": {"0": {"label": 3, "old_range": [-14.16589858297791, 8.406646053088677], "new_range": {"it0": [-13.995163498245269, 8.273147026383043], "it1": [-13.885062348298728, 8.128576893327436], "it2": [-13.717660541168584, 8.014270710159836], "it3": [-13.684303515557517, 7.957458828508217], "final_range": [-13.683170666026976, 7.9574579768303435], "time": {"it0": 2702.433528661728, "it1": 2644.5921947956085, "it2": 2884.867049217224, "it3": 2900.2402663230896}}, "runtime": 12779.456197023392}, "1": {"label": 8, "old_range": [-16.741705269089536, 11.673734479293016], "new_range": {"it0": [-16.567046749327943, 11.51664024032792], "it1": [-16.53472813150064, 11.413043044750529], "it2": [-16.4697748391231, 11.344298811132214], "it3": [-16.43232474237911, 11.333310333269159], "final_range": [-16.431058926734163, 11.333148687068725], "time": {"it0": 2948.8394367694855, "it1": 3051.552036046982, "it2": 3190.3992261886597, "it3": 3029.568795442581}}, "runtime": 13895.038264036179}, "2": {"label": 8, "old_range": [-16.741705269089536, 11.673734479293016], "new_range": {"it0": [-16.567046749327943, 11.51664024032792], "it1": [-16.53472813150064, 11.413043044750529], "it2": [-16.4697748391231, 11.344298811132214], "it3": [-16.43232474237911, 11.333310333269159], "final_range": [-16.431058926734163, 11.333148687068725], "time": {"it0": 3007.0688214302063, "it1": 2750.180789709091, "it2": 3077.565370082855, "it3": 2972.3914210796356}}, "runtime": 13624.53433418274}, "3": {"label": 0, "old_range": [-14.071676137275315, 11.325549332171947], "new_range": {"it0": [-13.946733753406805, 11.104967078573845], "it1": [-13.87916874735365, 11.067520648585592], "it2": [-13.857375025551002, 10.956068726034342], "it3": [-13.844799425030558, 10.933236495799992], "final_range": [-13.844799425030558, 10.933160431688462], "time": {"it0": 2854.372596025467, "it1": 3026.110743999481, "it2": 3168.0782318115234, "it3": 3000.230674982071}}, "runtime": 17266.311227798462}}}