{"model_CIFAR_CNN_Medium": {"0": {"label": 3, "old_range": [-9.26723534744687, 7.812964507288854], "new_range": {"it0": [-6.997368765475957, 6.521501954371853], "it1": [-6.740038223498708, 6.236373971074947], "it2": [-6.45094269361918, 6.017232624869229], "it3": [-6.168576951970422, 5.809009673426629], "final_range": [-6.168302440089065, 5.809009673426629], "time": {"it0": 3145.425878047943, "it1": 3124.348830461502, "it2": 3578.775997877121, "it3": 3458.2902958393097}}, "runtime": 13748.577315330505}, "1": {"label": 8, "old_range": [-12.774086818764356, 10.939329639348886], "new_range": {"it0": [-10.807661288048351, 8.22785182083336], "it1": [-10.576428006158803, 7.747028740280017], "it2": [-10.230561914712547, 7.311916840409109], "it3": [-9.872989714696189, 6.921788034294679], "final_range": [-9.872521439208082, 6.921700159488227], "time": {"it0": 4347.381293773651, "it1": 3207.3607444763184, "it2": 4543.8382387161255, "it3": 3514.194359064102}}, "runtime": 16124.110340833664}, "2": {"label": 8, "old_range": [-12.774086818764356, 10.939329639348886], "new_range": {"it0": [-10.807661288048351, 8.22785182083336], "it1": [-10.576428006158803, 7.747028740280017], "it2": [-10.230561914712547, 7.311916840409109], "it3": [-9.872989714696189, 6.921788034294679], "final_range": [-9.872521439208082, 6.921700159488227], "time": {"it0": 4322.1735644340515, "it1": 3083.7206757068634, "it2": 4487.431068658829, "it3": 3410.399587392807}}, "runtime": 15813.501748085022}, "3": {"label": 0, "old_range": [-12.23304023807572, 9.72601444355298], "new_range": {"it0": [-9.399742634434785, 8.00914801224216], "it1": [-8.920158546753287, 7.66762363891991], "it2": [-8.530241185842339, 7.21848165327854], "it3": [-8.110834277660777, 6.8953602222030534], "final_range": [-8.110833278549872, 6.89536017745275], "time": {"it0": 4187.138072490692, "it1": 3096.264901161194, "it2": 4501.236181735992, "it3": 3414.8621463775635}}, "runtime": 15762.176421165466}}}