{"model_MNIST_CNN_Small": {"0": {"label": 7, "old_range": [-2.5777589925381412, 0.6891615282361035], "new_range": {"it0": [-1.9920150675963961, 0.2974167699312176], "it1": [-1.9920150675963961, 0.2974167699312176], "it2": [-1.9920150675963961, 0.2974167699312176], "it3": [-1.9920150675963961, 0.2974167699312176], "final_range": [-1.9920150675963961, 0.2974167699312176], "time": {"it0": 293.6607782840729, "it1": 301.2394711971283, "it2": 180.81265711784363, "it3": 191.0143301486969}}, "runtime": 1064.750967502594}, "1": {"label": 2, "old_range": [-5.174896008805498, -0.9006569448647208], "new_range": {"it0": [-4.453725546040307, -1.385914202446886], "it1": [-4.453725546040307, -1.385914202446886], "it2": [-4.453725546040307, -1.385914202446886], "it3": [-4.453725546040307, -1.385914202446886], "final_range": [-4.453725546040307, -1.385914202446886], "time": {"it0": 190.49870824813843, "it1": 192.50148916244507, "it2": 206.65654873847961, "it3": 197.82349681854248}}, "runtime": 857.002031326294}, "2": {"label": 1, "old_range": [-5.699899947513068, -2.7071644128393353], "new_range": {"it0": [-5.386332682219937, -3.333004895226843], "it1": [-5.386332682219937, -3.333004895226843], "it2": [-5.386332682219937, -3.333004895226843], "it3": [-5.386332682219937, -3.333004895226843], "final_range": [-5.386332682219937, -3.333004895226843], "time": {"it0": 188.9162425994873, "it1": 189.25030755996704, "it2": 194.50855827331543, "it3": 194.559264421463}}, "runtime": 837.7575595378876}, "3": {"label": 0, "old_range": [-7.383567406294274, -3.895201584223151], "new_range": {"it0": [-6.831205469006237, -4.453439829549267], "it1": [-6.831205469006237, -4.453439829549267], "it2": [-6.831205469006237, -4.453439829549267], "it3": [-6.831205469006237, -4.453439829549267], "final_range": [-6.831205469006237, -4.453439829549267], "time": {"it0": 187.942538022995, "it1": 192.49123787879944, "it2": 188.4215521812439, "it3": 192.5636236667633}}, "runtime": 835.3815343379974}}, "model_MNIST_CNN_Large": {"0": {"label": 7, "old_range": [-3.4161415730918727, 1.0799041776347664], "new_range": {"it0": [-2.812060705616317, 0.18764717064002046], "it1": [-2.763457196391039, 0.18764717064002046], "it2": [-2.7340626784975157, 0.15049078255719386], "it3": [-2.721100623584943, 0.12165275529632959], "final_range": [-2.7211006190967786, 0.12165275529632959], "time": {"it0": 480.7510521411896, "it1": 475.9006197452545, "it2": 482.90310168266296, "it3": 530.8611624240875}}, "runtime": 2254.363853931427}, "1": {"label": 2, "old_range": [-3.4973119795178866, 3.6061023286516725], "new_range": {"it0": [-2.604819089089653, 1.9331021877364987], "it1": [-2.46149706905735, 1.7453954843957973], "it2": [-2.3991696196338577, 1.5707905235985526], "it3": [-2.348467041623602, 1.5356897189468957], "final_range": [-2.348310848194046, 1.5356897189468957], "time": {"it0": 449.19252729415894, "it1": 444.9732675552368, "it2": 473.270277261734, "it3": 578.5711786746979}}, "runtime": 2275.449465274811}, "2": {"label": 1, "old_range": [-2.9376525408874987, 0.9479281484252017], "new_range": {"it0": [-2.207233917323141, -0.05171533706093677], "it1": [-2.1560631010140066, -0.1195464889807402], "it2": [-2.070225791287358, -0.16335355941087776], "it3": [-2.0474776041723777, -0.18254195318141767], "final_range": [-2.0474776041723777, -0.1825525039637573], "time": {"it0": 489.5689172744751, "it1": 448.57111740112305, "it2": 460.4558975696564, "it3": 539.0753839015961}}, "runtime": 2262.2652645111084}, "3": {"label": 0, "old_range": [-4.756858618670151, -0.7908052744431334], "new_range": {"it0": [-3.90349359928155, -1.3989553801029864], "it1": [-3.8193226369618527, -1.3989553801029864], "it2": [-3.716091835245173, -1.5061240409316594], "it3": [-3.634719038829385, -1.5888203339071802], "final_range": [-3.634588210837666, -1.5888203339071802], "time": {"it0": 487.9671595096588, "it1": 448.99375200271606, "it2": 478.73572754859924, "it3": 538.3768866062164}}, "runtime": 2247.781353712082}}}