{"model_MNIST_FC5_100_sigmoid": {"0": {"label": 7, "old_range": [7.300743209405741, 13.56253997256129], "new_range": {"it0": [9.45436590256372, 13.015819185650415], "it1": [10.067943488897969, 12.914934724447077], "final_range": [10.068401941987082, 12.913828200194395], "time": {"it0": 380.0016791820526, "it1": 688.1241900920868}}, "runtime": 1135.8460144996643}}}