{"model_MNIST_CNN_Medium": {"0": {"label": 7, "old_range": [-11.42171885864691, 5.357335033485051], "new_range": [-7.415514828433429, -0.7333539814247684], "runtime": 12278.590620279312}, "1": {"label": 2, "old_range": [-10.839476240117447, 7.039897589788696], "new_range": [-6.686371579419885, 1.7247356608820592], "runtime": 22665.814005851746}, "2": {"label": 1, "old_range": [-10.929968935866162, 5.034708572127982], "new_range": [-7.299151523618527, -0.20010774486246047], "runtime": 13599.08338522911}}}