{"model_MNIST_CNN_Small": {"0": {"label": 7, "old_range": [-2.5777589925381412, 0.6891615282361035], "new_range": [-1.9920150675963961, 0.2974167699312176], "runtime": 4120.043034553528}, "1": {"label": 2, "old_range": [-5.174896008805498, -0.9006569448647208], "new_range": [-4.453725546040307, -1.385914202446886], "runtime": 4099.569530963898}, "2": {"label": 1, "old_range": [-5.699899947513068, -2.7071644128393353], "new_range": [-5.386332682219937, -3.333004895226843], "runtime": 4056.058486223221}, "3": {"label": 0, "old_range": [-7.383567406294274, -3.895201584223151], "new_range": [-6.831205469006237, -4.453439829549267], "runtime": 4053.5752210617065}}}