{"model_MNIST_CNN_Medium": {"0": {"label": 7, "old_range": [-11.42171885864691, 5.357335033485051], "new_range": {"it0": [-9.472065852040467, 2.160446392273471], "it1": [-9.342680404573262, 1.959791738025465], "it2": [-9.145818404954518, 1.786834667416117], "it3": [-8.966591007644105, 1.7067958538547758], "final_range": [-8.966490959020865, 1.7067958538547758], "time": {"it0": 517.7255847454071, "it1": 493.2750482559204, "it2": 646.9466624259949, "it3": 633.8089118003845}}, "runtime": 2668.427756547928}, "1": {"label": 2, "old_range": [-10.839476240117447, 7.039897589788696], "new_range": {"it0": [-8.653107442227956, 4.10353553204944], "it1": [-8.642510614202767, 4.053150247214424], "it2": [-8.524146755561596, 3.9686687494071062], "it3": [-8.43122839977202, 3.8214561473721846], "final_range": [-8.43122839977202, 3.821456147372194], "time": {"it0": 697.2592394351959, "it1": 933.5029308795929, "it2": 719.3421483039856, "it3": 947.8433177471161}}, "runtime": 3763.531065940857}, "2": {"label": 1, "old_range": [-10.929968935866162, 5.034708572127982], "new_range": {"it0": [-9.320332412089789, 2.02787309901073], "it1": [-9.202590331479524, 2.02787309901073], "it2": [-9.068212470472258, 1.9147113263286613], "it3": [-8.844764541170845, 1.724735841235226], "final_range": [-8.84452763167203, 1.7247358412352296], "time": {"it0": 749.6831204891205, "it1": 903.9987485408783, "it2": 713.6314795017242, "it3": 883.2118911743164}}, "runtime": 3729.7182381153107}, "3": {"label": 0, "old_range": [-10.941117796255101, 7.780979269493085], "new_range": {"it0": [-8.095504892763762, 4.9106964509133695], "it1": [-8.041542712106764, 4.591433089020114], "it2": [-7.802438235419592, 4.3614201938463175], "it3": [-7.664352655069852, 4.124027404246075], "final_range": [-7.664352655069852, 4.124027351612019], "time": {"it0": 668.3536121845245, "it1": 808.0692327022552, "it2": 634.9883325099945, "it3": 797.5077188014984}}, "runtime": 3353.1663167476654}}}