{"model_MNIST_FC7_100_sigmoid": {"2": {"label": 1, "old_range": [-13.189234047624216, 15.236539592207532], "new_range": {"it0": [-11.715619081935849, 15.119349362523598], "it1": [-10.357647549812503, 15.087912711973779], "final_range": [-10.357647549812503, 15.0864790031005], "time": {"it0": 488.87425899505615, "it1": 785.3063097000122}}, "runtime": 1408.863136291504}}}