{"model_MNIST_FC5_100_sigmoid": {"1": {"label": 2, "old_range": [7.9608145205771645, 10.408164596957105], "new_range": {"it0": [8.775047781239854, 10.294619406039736], "it1": [8.775126004181564, 10.294619406039736], "final_range": [8.775126004181564, 10.294619406039736], "time": {"it0": 350.0871694087982, "it1": 575.1005983352661}}, "runtime": 941.5164682865143}}}