{"model_MNIST_FC5_100_sigmoid": {"2": {"label": 1, "old_range": [-13.290523073182369, 16.39204602537047], "new_range": {"it0": [-8.283746250190244, 16.243736342849665], "it1": [-5.993165869509746, 16.107472891726676], "final_range": [-5.993165869509746, 16.106809723709972], "time": {"it0": 383.11907744407654, "it1": 593.7969832420349}}, "runtime": 1020.024777173996}}}