{"model_MNIST_FC5_100_sigmoid": {"3": {"label": 0, "old_range": [7.593246393052325, 11.457115599287638], "new_range": {"it0": [8.762382022047715, 11.315749511374051], "it1": [8.899586572957128, 11.30775823310849], "final_range": [8.899746008809045, 11.306942786056627], "time": {"it0": 411.62716841697693, "it1": 645.9398033618927}}, "runtime": 1081.118870973587}}}