{"model_MNIST_CNN_Small": {"0": {"label": 7, "old_range": [-2.5777589925381412, 0.6891615282361035], "new_range": {"it0": [-1.9920150675963961, 0.2974167699312176], "it1": [-1.9920150675963961, 0.2974167699312176], "it2": [-1.9920150675963961, 0.2974167699312176], "it3": [-1.9920150675963961, 0.2974167699312176], "final_range": [-1.9920150675963961, 0.2974167699312176], "time": {"it0": 308.64229679107666, "it1": 354.5252785682678, "it2": 319.6455156803131, "it3": 325.94903802871704}}, "runtime": 1376.7455163002014}, "1": {"label": 2, "old_range": [-5.174896008805498, -0.9006569448647208], "new_range": {"it0": [-4.453725546040307, -1.385914202446886], "it1": [-4.453725546040307, -1.385914202446886], "it2": [-4.453725546040307, -1.385914202446886], "it3": [-4.453725546040307, -1.385914202446886], "final_range": [-4.453725546040307, -1.385914202446886], "time": {"it0": 279.6951413154602, "it1": 300.4941897392273, "it2": 372.27041697502136, "it3": 350.5990164279938}}, "runtime": 1372.8942987918854}, "2": {"label": 1, "old_range": [-5.699899947513068, -2.7071644128393353], "new_range": {"it0": [-5.386332682219937, -3.333004895226843], "it1": [-5.386332682219937, -3.333004895226843], "it2": [-5.386332682219937, -3.333004895226843], "it3": [-5.386332682219937, -3.333004895226843], "final_range": [-5.386332682219937, -3.333004895226843], "time": {"it0": 472.9019727706909, "it1": 506.0137758255005, "it2": 348.32817792892456, "it3": 318.6822044849396}}, "runtime": 1716.8079800605774}, "3": {"label": 0, "old_range": [-7.383567406294274, -3.895201584223151], "new_range": {"it0": [-6.831205469006237, -4.453439829549267], "it1": [-6.831205469006237, -4.453439829549267], "it2": [-6.831205469006237, -4.453439829549267], "it3": [-6.831205469006237, -4.453439829549267], "final_range": [-6.831205469006237, -4.453439829549267], "time": {"it0": 321.4387376308441, "it1": 323.1523275375366, "it2": 313.9297878742218, "it3": 327.33633160591125}}, "runtime": 1358.0989985466003}}, "model_MNIST_CNN_Large": {"0": {"label": 7, "old_range": [-3.4161415730918727, 1.0799041776347664], "new_range": {"it0": [-2.781725967720359, 0.18764717064002046], "it1": [-2.6847554781503087, 0.1594158297513713], "it2": [-2.591613529417813, -0.012566684958119335], "it3": [-2.5087389899746557, -0.19060102258214426], "final_range": [-2.508696955276885, -0.1906156714175943], "time": {"it0": 510.05546021461487, "it1": 745.1299977302551, "it2": 1008.2561643123627, "it3": 1085.6515290737152}}, "runtime": 3649.0311200618744}, "1": {"label": 2, "old_range": [-3.4973119795178866, 3.6061023286516725], "new_range": {"it0": [-2.648737878437752, 2.0501356167154623], "it1": [-2.5562414716932316, 2.0501356167154623], "it2": [-2.469470108260344, 1.9364919623739492], "it3": [-2.3792913033230465, 1.7858473112973627], "final_range": [-2.379283688958571, 1.7856722653711676], "time": {"it0": 507.4891219139099, "it1": 762.929619550705, "it2": 1071.3560628890991, "it3": 1102.2075462341309}}, "runtime": 3761.3161811828613}, "2": {"label": 1, "old_range": [-2.9376525408874987, 0.9479281484252017], "new_range": {"it0": [-2.230281194364779, -0.059865150123825955], "it1": [-2.1546994766075116, -0.16461179407867782], "it2": [-2.010820150735912, -0.3138638493710922], "it3": [-1.8309563337760175, -0.43789822230715564], "final_range": [-1.830950307845273, -0.4379340915104912], "time": {"it0": 533.2598056793213, "it1": 765.5633924007416, "it2": 1001.7778241634369, "it3": 1248.0528168678284}}, "runtime": 3887.0451662540436}, "3": {"label": 0, "old_range": [-4.756858618670151, -0.7908052744431334], "new_range": {"it0": [-3.9288675792176244, -1.3989553801029864], "it1": [-3.9288675792176244, -1.4576579393855795], "it2": [-3.835556615074631, -1.5258968198331389], "it3": [-3.701282245061562, -1.5764698749567951], "final_range": [-3.701232354414375, -1.5765707253025623], "time": {"it0": 643.6519494056702, "it1": 751.2689728736877, "it2": 1007.2422604560852, "it3": 1109.8956413269043}}, "runtime": 3938.9079270362854}}}