{"model_MNIST_CNN_Large": {"0": {"label": 7, "old_range": [-3.4161415730918234, 1.079904177634669], "new_range": [-2.403307192035706, -0.4676616231082736], "runtime": 16151.896883964539}, "1": {"label": 2, "old_range": [-3.4973119795177956, 3.6061023286515415], "new_range": [-1.7333743385605298, 0.7869650888178586], "runtime": 17623.77987575531}, "2": {"label": 1, "old_range": [-2.9376525408874348, 0.9479281484251243], "new_range": [-1.4670460889196981, -0.6721580381910546], "runtime": 16745.985154867172}, "3": {"label": 0, "old_range": [-4.756858618670088, -0.7908052744431997], "new_range": [-3.2483119528562185, -2.0206705451956024], "runtime": 20147.500445365906}}}