{"model_MNIST_FC7_100_sigmoid": {"0": {"label": 7, "old_range": [6.819001807991571, 12.055503610867843], "new_range": {"it0": [8.753579244373652, 11.695116028729336], "it1": [9.300399236750122, 11.537932787876038], "final_range": [9.300399236750122, 11.537924501099653], "time": {"it0": 452.3591618537903, "it1": 748.3819236755371}}, "runtime": 1423.7594454288483}}}