{"model_MNIST_CNN_Medium": {"0": {"label": 7, "old_range": [-11.42171885864691, 5.357335033485051], "new_range": {"it0": [-9.491733196739654, 2.160446392273471], "it1": [-9.491733196739654, 2.160446392273471], "it2": [-9.4191994036094, 1.9937563999945311], "it3": [-9.009292206663895, 1.4260401341972522], "final_range": [-9.009146404690753, 1.4260146817595234], "time": {"it0": 688.830816745758, "it1": 667.2168207168579, "it2": 762.9998624324799, "it3": 748.0211687088013}}, "runtime": 3272.617900133133}, "1": {"label": 2, "old_range": [-10.839476240117447, 7.039897589788696], "new_range": {"it0": [-8.653107442227956, 4.10353553204944], "it1": [-8.653107442227956, 4.10353553204944], "it2": [-8.474342500272769, 4.10353553204944], "it3": [-8.184676627989921, 3.8069285997682307], "final_range": [-8.184676627989921, 3.806751104383508], "time": {"it0": 588.1435182094574, "it1": 641.5080270767212, "it2": 673.5059270858765, "it3": 809.5338921546936}}, "runtime": 3152.3632051944733}, "2": {"label": 1, "old_range": [-10.929968935866162, 5.034708572127982], "new_range": {"it0": [-9.395265452437998, 2.02787309901073], "it1": [-9.395265452437998, 2.02787309901073], "it2": [-9.117375596833847, 2.02787309901073], "it3": [-8.639455249301749, 1.3906088021891052], "final_range": [-8.639455249301749, 1.3905952030023416], "time": {"it0": 602.635782957077, "it1": 622.7133848667145, "it2": 667.7308347225189, "it3": 847.2484080791473}}, "runtime": 3234.0531871318817}, "3": {"label": 0, "old_range": [-10.941117796255101, 7.780979269493085], "new_range": {"it0": [-8.095504892763762, 5.032677435072188], "it1": [-8.095504892763762, 5.032677435072188], "it2": [-7.934306853447573, 4.660794979584584], "it3": [-7.313132400948266, 4.396002825869845], "final_range": [-7.313110824026013, 4.39579280064689], "time": {"it0": 658.0512635707855, "it1": 688.5782389640808, "it2": 754.8152658939362, "it3": 854.6315913200378}}, "runtime": 3415.953096151352}}}