{"model_MNIST_CNN_Small": {"0": {"label": 7, "old_range": [-2.5777589925381412, 0.6891615282361035], "new_range": {"it0": [-1.9920150675963961, 0.2974167699312176], "it1": [-1.9920150675963961, 0.2974167699312176], "it2": [-1.9920150675963961, 0.2974167699312176], "it3": [-1.9920150675963961, 0.2974167699312176], "final_range": [-1.9920150675963961, 0.2974167699312176], "time": {"it0": 267.22405314445496, "it1": 279.1246123313904, "it2": 291.8811032772064, "it3": 318.4260926246643}}, "runtime": 1212.6542870998383}, "1": {"label": 2, "old_range": [-5.174896008805498, -0.9006569448647208], "new_range": {"it0": [-4.453725546040307, -1.385914202446886], "it1": [-4.453725546040307, -1.385914202446886], "it2": [-4.453725546040307, -1.385914202446886], "it3": [-4.453725546040307, -1.385914202446886], "final_range": [-4.453725546040307, -1.385914202446886], "time": {"it0": 276.8587529659271, "it1": 273.9924943447113, "it2": 271.9394245147705, "it3": 271.5766339302063}}, "runtime": 1149.384857416153}, "2": {"label": 1, "old_range": [-5.699899947513068, -2.7071644128393353], "new_range": {"it0": [-5.386332682219937, -3.333004895226843], "it1": [-5.386332682219937, -3.333004895226843], "it2": [-5.386332682219937, -3.333004895226843], "it3": [-5.386332682219937, -3.333004895226843], "final_range": [-5.386332682219937, -3.333004895226843], "time": {"it0": 260.63093423843384, "it1": 262.00767397880554, "it2": 262.340806722641, "it3": 272.8185248374939}}, "runtime": 1114.7130110263824}, "3": {"label": 0, "old_range": [-7.383567406294274, -3.895201584223151], "new_range": {"it0": [-6.831205469006237, -4.453439829549267], "it1": [-6.831205469006237, -4.453439829549267], "it2": [-6.831205469006237, -4.453439829549267], "it3": [-6.831205469006237, -4.453439829549267], "final_range": [-6.831205469006237, -4.453439829549267], "time": {"it0": 271.4817805290222, "it1": 300.6170756816864, "it2": 263.9506208896637, "it3": 286.12831711769104}}, "runtime": 1180.3322069644928}}, "model_MNIST_CNN_Large": {"0": {"label": 7, "old_range": [-3.4161415730918727, 1.0799041776347664], "new_range": {"it0": [-2.812060705616317, 0.18764717064002046], "it1": [-2.812060705616317, 0.18764717064002046], "it2": [-2.812060705616317, 0.18764717064002046], "it3": [-2.812060705616317, 0.18764717064002046], "final_range": [-2.812060705616317, 0.18764717064002046], "time": {"it0": 321.99949193000793, "it1": 364.9132788181305, "it2": 371.4337134361267, "it3": 409.28779649734497}}, "runtime": 1736.4810197353363}, "1": {"label": 2, "old_range": [-3.4973119795178866, 3.6061023286516725], "new_range": {"it0": [-2.648737878437752, 2.0501356167154623], "it1": [-2.648737878437752, 2.0501356167154623], "it2": [-2.648737878437752, 2.0501356167154623], "it3": [-2.648737878437752, 2.0501356167154623], "final_range": [-2.648737878437752, 2.0501356167154623], "time": {"it0": 345.1346321105957, "it1": 378.4408628940582, "it2": 378.37035369873047, "it3": 415.4822144508362}}, "runtime": 1819.8550100326538}, "2": {"label": 1, "old_range": [-2.9376525408874987, 0.9479281484252017], "new_range": {"it0": [-2.230281194364779, -0.02602696672046312], "it1": [-2.230281194364779, -0.02602696672046312], "it2": [-2.230281194364779, -0.02602696672046312], "it3": [-2.230281194364779, -0.02602696672046312], "final_range": [-2.230281194364779, -0.02602696672046312], "time": {"it0": 419.3534195423126, "it1": 365.33355236053467, "it2": 574.1147885322571, "it3": 621.2391667366028}}, "runtime": 2272.2308757305145}, "3": {"label": 0, "old_range": [-4.756858618670151, -0.7908052744431334], "new_range": {"it0": [-3.9288675792176244, -1.3989553801029864], "it1": [-3.9288675792176244, -1.3989553801029864], "it2": [-3.9288675792176244, -1.3989553801029864], "it3": [-3.9288675792176244, -1.3989553801029864], "final_range": [-3.9288675792176244, -1.3989553801029864], "time": {"it0": 508.5162036418915, "it1": 593.4363029003143, "it2": 614.3804636001587, "it3": 613.776561498642}}, "runtime": 2730.2327275276184}}}