{"model_MNIST_FC7_100_sigmoid": {"1": {"label": 2, "old_range": [3.308196948590763, 9.667589460917107], "new_range": {"it0": [4.2508563194715405, 9.374081437712183], "it1": [4.418031956229313, 9.374081437712183], "final_range": [4.418031956229313, 9.374081437712183], "time": {"it0": 577.0009226799011, "it1": 1079.1052072048187}}, "runtime": 1686.541298866272}}}