{"model_MNIST_FC7_100_sigmoid": {"3": {"label": 0, "old_range": [9.948538494792755, 11.135768896096495], "new_range": {"it0": [10.289468548345432, 11.037160669327385], "it1": [10.289468548345432, 11.037160669327385], "final_range": [10.289468548345432, 11.037160669327385], "time": {"it0": 585.2789373397827, "it1": 2078.120485305786}}, "runtime": 2681.7198960781097}}}