{"model_MNIST_CNN_Small": {"0": {"label": 7, "old_range": [-2.5777589925381412, 0.6891615282361035], "new_range": {"it0": [-1.9920150675963961, 0.2974167699312176], "it1": [-1.9920150675963961, 0.2974167699312176], "it2": [-1.9920150675963961, 0.2974167699312176], "it3": [-1.9920150675963961, 0.2974167699312176], "final_range": [-1.9920150675963961, 0.2974167699312176], "time": {"it0": 412.4818983078003, "it1": 440.203492641449, "it2": 658.8639016151428, "it3": 648.2610552310944}}, "runtime": 2227.630532503128}, "1": {"label": 2, "old_range": [-5.174896008805498, -0.9006569448647208], "new_range": {"it0": [-4.453725546040307, -1.385914202446886], "it1": [-4.453725546040307, -1.385914202446886], "it2": [-4.453725546040307, -1.385914202446886], "it3": [-4.453725546040307, -1.385914202446886], "final_range": [-4.453725546040307, -1.385914202446886], "time": {"it0": 407.2524812221527, "it1": 398.50904083251953, "it2": 466.306174993515, "it3": 494.13113141059875}}, "runtime": 1834.7621853351593}, "2": {"label": 1, "old_range": [-5.699899947513068, -2.7071644128393353], "new_range": {"it0": [-5.386332682219937, -3.333004895226843], "it1": [-5.386332682219937, -3.333004895226843], "it2": [-5.386332682219937, -3.333004895226843], "it3": [-5.386332682219937, -3.333004895226843], "final_range": [-5.386332682219937, -3.333004895226843], "time": {"it0": 454.2469799518585, "it1": 456.06303906440735, "it2": 491.8026554584503, "it3": 517.6499643325806}}, "runtime": 2001.6503801345825}, "3": {"label": 0, "old_range": [-7.383567406294274, -3.895201584223151], "new_range": {"it0": [-6.831205469006237, -4.453439829549267], "it1": [-6.831205469006237, -4.453439829549267], "it2": [-6.831205469006237, -4.453439829549267], "it3": [-6.831205469006237, -4.453439829549267], "final_range": [-6.831205469006237, -4.453439829549267], "time": {"it0": 412.2173056602478, "it1": 405.67877173423767, "it2": 429.6358392238617, "it3": 438.66975569725037}}, "runtime": 1759.1695096492767}}, "model_MNIST_CNN_Large": {"0": {"label": 7, "old_range": [-3.4161415730918727, 1.0799041776347664], "new_range": {"it0": [-2.7609149886898536, 0.18764717064002046], "it1": [-2.7184182813023474, 0.11276355711122542], "it2": [-2.657219799278876, 0.01131157510288064], "it3": [-2.6101735483861273, -0.07002116731261779], "final_range": [-2.6101551994371035, -0.07002116731261779], "time": {"it0": 853.5790526866913, "it1": 832.6450865268707, "it2": 1347.9617393016815, "it3": 1669.5604274272919}}, "runtime": 5002.509778022766}, "1": {"label": 2, "old_range": [-3.4973119795178866, 3.6061023286516725], "new_range": {"it0": [-2.457934880101471, 1.742432316199371], "it1": [-2.343007211514861, 1.531665824604227], "it2": [-2.1837511294532987, 1.4329082982180157], "it3": [-2.0991540745774193, 1.356821068509179], "final_range": [-2.0991540745774193, 1.3567789574339983], "time": {"it0": 944.723245382309, "it1": 955.0997648239136, "it2": 1299.7101533412933, "it3": 1726.4814932346344}}, "runtime": 5287.330384492874}, "2": {"label": 1, "old_range": [-2.9376525408874987, 0.9479281484252017], "new_range": {"it0": [-2.1552832640311856, -0.12098662118548263], "it1": [-2.046479276584803, -0.18444705016467156], "it2": [-1.951659288261757, -0.2516850601669281], "it3": [-1.8469821270734157, -0.33016178944690816], "final_range": [-1.8468271113967185, -0.33016178944690816], "time": {"it0": 1144.1457822322845, "it1": 889.600932598114, "it2": 1371.0849380493164, "it3": 1758.1283357143402}}, "runtime": 5744.245801687241}, "3": {"label": 0, "old_range": [-4.756858618670151, -0.7908052744431334], "new_range": {"it0": [-3.8190197549461997, -1.3997781207182585], "it1": [-3.632935129726919, -1.5936381948917395], "it2": [-3.5518716902322214, -1.6859960855278158], "it3": [-3.503496162915509, -1.7637370297178718], "final_range": [-3.503485542444521, -1.763737047050607], "time": {"it0": 1023.7325143814087, "it1": 997.9498634338379, "it2": 1481.865847826004, "it3": 1756.215959072113}}, "runtime": 5666.761917114258}}}