{"model_MNIST_CNN_Small": {"0": {"label": 7, "old_range": [-2.5777589925381412, 0.6891615282361035], "new_range": {"it0": [-1.9920150675963961, 0.2974167699312176], "it1": [-1.9920150675963961, 0.2974167699312176], "it2": [-1.9920150675963961, 0.2974167699312176], "it3": [-1.9920150675963961, 0.2974167699312176], "final_range": [-1.9920150675963961, 0.2974167699312176], "time": {"it0": 684.3545017242432, "it1": 762.1381006240845, "it2": 799.1115653514862, "it3": 832.973573923111}}, "runtime": 3140.5202207565308}, "1": {"label": 2, "old_range": [-5.174896008805498, -0.9006569448647208], "new_range": {"it0": [-4.453725546040307, -1.385914202446886], "it1": [-4.453725546040307, -1.385914202446886], "it2": [-4.453725546040307, -1.385914202446886], "it3": [-4.453725546040307, -1.385914202446886], "final_range": [-4.453725546040307, -1.385914202446886], "time": {"it0": 699.0780427455902, "it1": 779.1027274131775, "it2": 809.952032327652, "it3": 836.1947495937347}}, "runtime": 3186.415277004242}, "2": {"label": 1, "old_range": [-5.699899947513068, -2.7071644128393353], "new_range": {"it0": [-5.386332682219937, -3.333004895226843], "it1": [-5.386332682219937, -3.333004895226843], "it2": [-5.386332682219937, -3.333004895226843], "it3": [-5.386332682219937, -3.333004895226843], "final_range": [-5.386332682219937, -3.333004895226843], "time": {"it0": 696.5895128250122, "it1": 781.454179763794, "it2": 812.1565937995911, "it3": 823.4751319885254}}, "runtime": 3177.304234266281}, "3": {"label": 0, "old_range": [-7.383567406294274, -3.895201584223151], "new_range": {"it0": [-6.831205469006237, -4.453439829549267], "it1": [-6.831205469006237, -4.453439829549267], "it2": [-6.831205469006237, -4.453439829549267], "it3": [-6.831205469006237, -4.453439829549267], "final_range": [-6.831205469006237, -4.453439829549267], "time": {"it0": 693.904424905777, "it1": 778.6756463050842, "it2": 814.0437142848969, "it3": 826.7339146137238}}, "runtime": 3177.3777906894684}}, "model_MNIST_CNN_Large": {"0": {"label": 7, "old_range": [-3.4161415730918727, 1.0799041776347664], "new_range": {"it0": [-2.7151142674356246, 0.09551168010957448], "it1": [-2.6069667604282025, -0.0929073088818023], "it2": [-2.473446628214353, -0.28929431970864866], "it3": [-2.4033520636288617, -0.46766354681076516], "final_range": [-2.4032091968423748, -0.46766375465611076], "time": {"it0": 1606.5459971427917, "it1": 2588.292824745178, "it2": 3815.7928233146667, "it3": 7712.648224830627}}, "runtime": 16003.37879872322}, "1": {"label": 2, "old_range": [-3.4973119795178866, 3.6061023286516725], "new_range": {"it0": [-2.321751666165366, 1.5280611660645205], "it1": [-2.0717054252317344, 1.3508390149305511], "it2": [-1.9017617227070183, 1.0601435768113752], "it3": [-1.7334931216621576, 0.7869639725529404], "final_range": [-1.7334354716857445, 0.786956772673357], "time": {"it0": 1594.076591014862, "it1": 2604.0486567020416, "it2": 3874.732135295868, "it3": 8032.903507232666}}, "runtime": 16848.251105308533}, "2": {"label": 1, "old_range": [-2.9376525408874987, 0.9479281484252017], "new_range": {"it0": [-2.0425900558273233, -0.18963749543582872], "it1": [-1.8427195468175988, -0.3363055925801162], "it2": [-1.6585415800851528, -0.49730545836576256], "it3": [-1.467190465795802, -0.6721347018750985], "final_range": [-1.4670633395369563, -0.6721766146001805], "time": {"it0": 1635.5442309379578, "it1": 2625.431013584137, "it2": 3876.7052969932556, "it3": 7764.0771498680115}}, "runtime": 16818.57001876831}, "3": {"label": 0, "old_range": [-4.756858618670151, -0.7908052744431334], "new_range": {"it0": [-3.6314033495937585, -1.608106233683736], "it1": [-3.5014558807479923, -1.7799255976687893], "it2": [-3.401755637212076, -1.9035311129149388], "it3": [-3.2485180034807426, -2.0206023899748384], "final_range": [-3.2482974404116813, -2.0207801026500634], "time": {"it0": 1668.4655554294586, "it1": 2678.2312908172607, "it2": 4136.49237036705, "it3": 10611.707332372665}}, "runtime": 19615.957870960236}}, "model_MNIST_CNN_Medium": {"0": {"label": 7, "old_range": [-11.42171885864699, 5.357335033485184], "new_range": {"it0": [-8.953729514593208, 1.687265372102983], "it1": [-8.532492943148924, 0.846582557084896], "it2": [-7.896578640688302, 0.1055107173026943], "it3": [-7.415652044236752, -0.7333155750163767], "final_range": [-7.4150481952989065, -0.733315739123631], "time": {"it0": 1835.1479828357697, "it1": 2032.118667602539, "it2": 2307.575849056244, "it3": 8419.253492832184}}, "runtime": 16684.755525827408}, "1": {"label": 2, "old_range": [-10.839476240117545, 7.039897589788831], "new_range": {"it0": [-8.418087902838693, 3.810340952364732], "it1": [-7.6212066055793555, 3.200986557373494], "it2": [-7.105712941715306, 2.569450312876448], "it3": [-6.686658381448454, 1.7247322639398563], "final_range": [-6.686375214545512, 1.7246720860067186], "time": {"it0": 2238.7191393375397, "it1": 2249.847587585449, "it2": 2470.521296262741, "it3": 5612.812480688095}}, "runtime": 14425.912154197693}, "2": {"label": 1, "old_range": [-10.929968935866242, 5.034708572128133], "new_range": {"it0": [-8.830308633291176, 1.7076533307808484], "it1": [-8.268951863667525, 1.0990525150178103], "it2": [-7.757830223561266, 0.5295712657816954], "it3": [-7.2998645025741125, -0.20010684186538444], "final_range": [-7.299530906994129, -0.20010718735431376], "time": {"it0": 1854.5880649089813, "it1": 2058.335319042206, "it2": 2529.5651082992554, "it3": 7390.9788110256195}}, "runtime": 14790.04838514328}}}