{"model_MNIST_CNN_Medium": {"0": {"label": 7, "old_range": [-11.42171885864691, 5.357335033485051], "new_range": {"it0": [-9.491733196739654, 2.160446392273471], "it1": [-9.491733196739654, 2.160446392273471], "it2": [-9.491733196739654, 2.160446392273471], "it3": [-9.491733196739654, 2.160446392273471], "final_range": [-9.491733196739654, 2.160446392273471], "time": {"it0": 490.4663963317871, "it1": 514.9525098800659, "it2": 500.1659691333771, "it3": 470.6101257801056}}, "runtime": 2364.6110541820526}, "1": {"label": 2, "old_range": [-10.839476240117447, 7.039897589788696], "new_range": {"it0": [-8.653107442227956, 4.10353553204944], "it1": [-8.653107442227956, 4.10353553204944], "it2": [-8.653107442227956, 4.10353553204944], "it3": [-8.653107442227956, 4.10353553204944], "final_range": [-8.653107442227956, 4.10353553204944], "time": {"it0": 423.34857845306396, "it1": 455.18351459503174, "it2": 424.0366871356964, "it3": 410.49928307533264}}, "runtime": 2147.6573531627655}, "2": {"label": 1, "old_range": [-10.929968935866162, 5.034708572127982], "new_range": {"it0": [-9.395265452437998, 2.02787309901073], "it1": [-9.395265452437998, 2.02787309901073], "it2": [-9.395265452437998, 2.02787309901073], "it3": [-9.395265452437998, 2.02787309901073], "final_range": [-9.395265452437998, 2.02787309901073], "time": {"it0": 416.0380699634552, "it1": 424.4523823261261, "it2": 446.3680627346039, "it3": 393.02672505378723}}, "runtime": 2130.7106347084045}, "3": {"label": 0, "old_range": [-10.941117796255101, 7.780979269493085], "new_range": {"it0": [-8.095504892763762, 5.032677435072188], "it1": [-8.095504892763762, 5.032677435072188], "it2": [-8.095504892763762, 5.032677435072188], "it3": [-8.095504892763762, 5.032677435072188], "final_range": [-8.095504892763762, 5.032677435072188], "time": {"it0": 415.89936089515686, "it1": 469.7810220718384, "it2": 489.0235662460327, "it3": 435.0026021003723}}, "runtime": 2199.1787128448486}}}