{"model_MNIST_CNN_Medium": {"0": {"label": 7, "old_range": [-11.42171885864691, 5.357335033485051], "new_range": {"it0": [-9.337468401152393, 1.9571697917425679], "it1": [-8.962215244526558, 1.7026564629230054], "it2": [-8.67580806597105, 1.3474202121584617], "it3": [-8.542921629331332, 0.8649120154716082], "final_range": [-8.542137489593664, 0.8649114150941296], "time": {"it0": 842.9184148311615, "it1": 922.223569393158, "it2": 1171.973207950592, "it3": 1442.070008277893}}, "runtime": 4761.227484226227}, "1": {"label": 2, "old_range": [-10.839476240117447, 7.039897589788696], "new_range": {"it0": [-8.638797833687965, 4.051525264725016], "it1": [-8.425438189905526, 3.8190133166856626], "it2": [-8.069218417936872, 3.468148487135285], "it3": [-7.633461666797582, 3.2127014993266565], "final_range": [-7.633110637159755, 3.2127013333821366], "time": {"it0": 1319.5140867233276, "it1": 1095.1725594997406, "it2": 992.6622245311737, "it3": 996.4599988460541}}, "runtime": 4991.10422706604}, "2": {"label": 1, "old_range": [-10.929968935866162, 5.034708572127982], "new_range": {"it0": [-9.19986371381569, 2.02787309901073], "it1": [-8.841024162873133, 1.7199580013290916], "it2": [-8.559624327126093, 1.498722457391988], "it3": [-8.282180721862753, 1.1134132116961721], "final_range": [-8.281556715179251, 1.1134128416215152], "time": {"it0": 1059.3191440105438, "it1": 1007.6071894168854, "it2": 1221.1599547863007, "it3": 1251.2959625720978}}, "runtime": 5074.883407354355}, "3": {"label": 0, "old_range": [-10.941117796255101, 7.780979269493085], "new_range": {"it0": [-8.036779440763326, 4.58842020417825], "it1": [-7.656096048593454, 4.121176479864538], "it2": [-7.313623943229992, 3.728917132796179], "it3": [-6.984530059375948, 3.222923488859652], "final_range": [-6.984529782173077, 3.2227179944008797], "time": {"it0": 1299.2670078277588, "it1": 1237.0501592159271, "it2": 1523.1451847553253, "it3": 1353.8523306846619}}, "runtime": 5987.184686899185}}}