{"model_MNIST_CNN_Small": {"0": {"label": 7, "old_range": [-2.5777589925381412, 0.6891615282361035], "new_range": {"it0": [-1.9920150675963961, 0.2974167699312176], "it1": [-1.9920150675963961, 0.2974167699312176], "it2": [-1.9920150675963961, 0.2974167699312176], "it3": [-1.9920150675963961, 0.2974167699312176], "final_range": [-1.9920150675963961, 0.2974167699312176], "time": {"it0": 257.4147505760193, "it1": 257.6973738670349, "it2": 256.76109409332275, "it3": 256.66441893577576}}, "runtime": 1090.5077846050262}, "1": {"label": 2, "old_range": [-5.174896008805498, -0.9006569448647208], "new_range": {"it0": [-4.453725546040307, -1.385914202446886], "it1": [-4.453725546040307, -1.385914202446886], "it2": [-4.453725546040307, -1.385914202446886], "it3": [-4.453725546040307, -1.385914202446886], "final_range": [-4.453725546040307, -1.385914202446886], "time": {"it0": 254.4911868572235, "it1": 254.03662872314453, "it2": 254.13588404655457, "it3": 253.96996784210205}}, "runtime": 1077.6176550388336}}}